{"stats":{"minecraft:killed_by":{"minecraft:warden":2,"minecraft:player":94},"minecraft:custom":{"minecraft:time_since_rest":5199,"minecraft:damage_taken":58394,"minecraft:sprint_one_cm":393941,"minecraft:walk_one_cm":240267,"minecraft:damage_absorbed":360,"minecraft:damage_blocked_by_shield":10571,"minecraft:mob_kills":3,"minecraft:drop":4,"minecraft:damage_dealt":43988,"minecraft:damage_dealt_absorbed":560,"minecraft:fly_one_cm":544606,"minecraft:player_kills":120,"minecraft:crouch_one_cm":75713,"minecraft:play_time":89495,"minecraft:deaths":102,"minecraft:sneak_time":1966,"minecraft:jump":2596,"minecraft:leave_game":1,"minecraft:time_since_death":5198,"minecraft:walk_on_water_one_cm":2218,"minecraft:total_world_time":89495,"minecraft:damage_resisted":704256,"minecraft:fall_one_cm":13992},"minecraft:mined":{"minecraft:coarse_dirt":59,"minecraft:grass_block":77,"minecraft:spruce_fence":1,"minecraft:dirt_path":46,"minecraft:gravel":51,"minecraft:dirt":12,"minecraft:dried_kelp_block":1,"minecraft:rooted_dirt":54},"minecraft:dropped":{"minecraft:diamond_axe":4},"minecraft:used":{"minecraft:water_bucket":32,"minecraft:shield":80,"minecraft:diamond_axe":1119,"minecraft:golden_apple":9,"minecraft:strider_spawn_egg":2,"minecraft:bucket":32,"minecraft:cooked_beef":22,"minecraft:splash_potion":1},"minecraft:killed":{"minecraft:breeze":1,"minecraft:warden":1,"minecraft:strider":1},"minecraft:picked_up":{"minecraft:splash_potion":1,"minecraft:leather_boots":1,"minecraft:diamond_axe":5},"minecraft:broken":{"minecraft:iron_chestplate":2,"minecraft:shield":1,"minecraft:iron_leggings":2,"minecraft:diamond_helmet":2,"minecraft:iron_boots":3}},"DataVersion":3700}