{"stats":{"minecraft:mined":{"minecraft:decorated_pot":3},"minecraft:dropped":{"minecraft:blue_stained_glass_pane":3,"minecraft:shaper_armor_trim_smithing_template":2,"minecraft:painting":2,"minecraft:spire_armor_trim_smithing_template":83,"minecraft:stripped_spruce_wood":1,"minecraft:lime_concrete":1,"minecraft:coast_armor_trim_smithing_template":14,"minecraft:crossbow":1},"minecraft:killed_by":{"minecraft:player":4},"minecraft:picked_up":{"minecraft:shaper_armor_trim_smithing_template":1,"minecraft:coast_armor_trim_smithing_template":13,"minecraft:spire_armor_trim_smithing_template":82,"minecraft:painting":2,"minecraft:stripped_spruce_wood":1},"minecraft:used":{"minecraft:light":1,"minecraft:command_block":6,"minecraft:repeating_command_block":1,"minecraft:crossbow":5},"minecraft:custom":{"minecraft:time_since_rest":7504,"minecraft:open_chest":1,"minecraft:crouch_one_cm":3842,"minecraft:play_time":28152,"minecraft:sprint_one_cm":20203,"minecraft:deaths":5,"minecraft:damage_taken":302,"minecraft:walk_one_cm":123473,"minecraft:sneak_time":986,"minecraft:walk_under_water_one_cm":272,"minecraft:drop":107,"minecraft:leave_game":1,"minecraft:jump":98,"minecraft:interact_with_brewingstand":1,"minecraft:damage_dealt":138,"minecraft:walk_on_water_one_cm":494,"minecraft:time_since_death":7501,"minecraft:climb_one_cm":2440,"minecraft:total_world_time":28152,"minecraft:fall_one_cm":629,"minecraft:fly_one_cm":55866,"minecraft:player_kills":8}},"DataVersion":3700}