{"stats":{"minecraft:picked_up":{"minecraft:chainmail_boots":1,"minecraft:flower_pot":34,"minecraft:sentry_armor_trim_smithing_template":67,"minecraft:stone_slab":1,"minecraft:potion":6,"minecraft:wayfinder_armor_trim_smithing_template":3,"minecraft:explorer_pottery_sherd":2,"minecraft:blue_stained_glass_pane":2,"minecraft:activator_rail":6,"minecraft:eye_armor_trim_smithing_template":2,"minecraft:written_book":18,"minecraft:sheaf_pottery_sherd":3,"minecraft:golden_axe":5,"minecraft:shaper_armor_trim_smithing_template":89,"minecraft:command_block":1,"minecraft:vex_armor_trim_smithing_template":1,"minecraft:bookshelf":1,"minecraft:host_armor_trim_smithing_template":3,"minecraft:dune_armor_trim_smithing_template":2,"minecraft:barrier":50,"minecraft:raiser_armor_trim_smithing_template":3,"minecraft:andesite":1,"minecraft:tuff_stairs":1,"minecraft:tuff":1,"minecraft:stripped_spruce_wood":3,"minecraft:danger_pottery_sherd":2,"minecraft:acacia_boat":5,"minecraft:silence_armor_trim_smithing_template":1,"minecraft:lapis_lazuli":9,"minecraft:dirt":2,"minecraft:name_tag":1,"minecraft:bolt_armor_trim_smithing_template":1,"minecraft:stone_hoe":3,"minecraft:scrape_pottery_sherd":1,"minecraft:stripped_spruce_log":17,"minecraft:grass_block":2,"minecraft:barrel":1,"minecraft:snout_armor_trim_smithing_template":3,"minecraft:angler_pottery_sherd":2,"minecraft:black_concrete":1,"minecraft:miner_pottery_sherd":2,"minecraft:crossbow":1260,"minecraft:bone_meal":1,"minecraft:bread":1,"minecraft:emerald":1,"minecraft:chainmail_helmet":7,"minecraft:plenty_pottery_sherd":2,"minecraft:andesite_slab":1,"minecraft:shelter_pottery_sherd":2,"minecraft:mourner_pottery_sherd":2,"minecraft:stone_stairs":1,"minecraft:iron_axe":6,"minecraft:item_frame":8,"minecraft:andesite_stairs":1,"minecraft:spire_armor_trim_smithing_template":97,"minecraft:chest":1,"minecraft:guster_pottery_sherd":1,"minecraft:spruce_trapdoor":1,"minecraft:stone":1,"minecraft:music_disc_relic":1,"minecraft:glow_item_frame":2,"minecraft:flow_pottery_sherd":1,"minecraft:skull_pottery_sherd":2,"minecraft:brown_concrete_powder":1,"minecraft:friend_pottery_sherd":2,"minecraft:redstone":8,"minecraft:howl_pottery_sherd":3,"minecraft:repeating_command_block":3,"minecraft:arrow":2,"minecraft:stone_shovel":5,"minecraft:decorated_pot":73,"minecraft:ward_armor_trim_smithing_template":1,"minecraft:flow_armor_trim_smithing_template":1,"minecraft:white_wool":1,"minecraft:rail":6,"minecraft:heartbreak_pottery_sherd":2,"minecraft:burn_pottery_sherd":2,"minecraft:chiseled_bookshelf":1,"minecraft:brown_concrete":217,"minecraft:chainmail_chestplate":5,"minecraft:heart_pottery_sherd":2,"minecraft:coast_armor_trim_smithing_template":411,"minecraft:wild_armor_trim_smithing_template":190,"minecraft:stone_pickaxe":3,"minecraft:blade_pottery_sherd":2,"minecraft:glass_bottle":3,"minecraft:arms_up_pottery_sherd":4,"minecraft:book":9,"minecraft:chain_command_block":1,"minecraft:brush":1,"minecraft:lime_concrete":17,"minecraft:tuff_slab":1,"minecraft:prize_pottery_sherd":2,"minecraft:archer_pottery_sherd":2,"minecraft:brewer_pottery_sherd":2,"minecraft:bamboo_trapdoor":1,"minecraft:snort_pottery_sherd":2,"minecraft:stone_axe":8,"minecraft:tide_armor_trim_smithing_template":1,"minecraft:rib_armor_trim_smithing_template":24,"minecraft:chainmail_leggings":6,"minecraft:painting":2,"minecraft:oak_button":1,"minecraft:melon_seeds":4,"minecraft:red_concrete":5,"minecraft:coal":5,"minecraft:wooden_axe":4},"minecraft:used":{"minecraft:tuff_slab":8,"minecraft:peony":8,"minecraft:moss_block":127,"minecraft:orange_dye":3,"minecraft:tuff_bricks":155,"minecraft:cherry_sapling":6,"minecraft:moss_carpet":12,"minecraft:writable_book":36,"minecraft:light_gray_dye":2,"minecraft:chiseled_deepslate":7,"minecraft:polished_deepslate":62,"minecraft:light_gray_stained_glass_pane":1,"minecraft:chiseled_tuff":20,"minecraft:ladder":15,"minecraft:spruce_slab":397,"minecraft:diamond_hoe":201,"minecraft:dead_brain_coral":6,"minecraft:suspicious_sand":18,"minecraft:oak_sign":40,"minecraft:decorated_pot":376,"minecraft:chest":94,"minecraft:shield":1,"minecraft:brown_concrete":46,"minecraft:stone":270,"minecraft:zombie_spawn_egg":28,"minecraft:exposed_copper_grate":1,"minecraft:bell":4,"minecraft:soul_campfire":4,"minecraft:player_head":8,"minecraft:sculk_sensor":12,"minecraft:waxed_weathered_cut_copper_stairs":21,"minecraft:debug_stick":217,"minecraft:soul_sand":2,"minecraft:crafter":2,"minecraft:nether_bricks":4,"minecraft:cracked_deepslate_tiles":132,"minecraft:orange_wool":23,"minecraft:deepslate_tile_slab":19,"minecraft:deepslate_brick_slab":261,"minecraft:tuff":75,"minecraft:cyan_wool":4,"minecraft:snowball":11,"minecraft:stripped_spruce_log":203,"minecraft:oxidized_chiseled_copper":17,"minecraft:milk_bucket":1,"minecraft:obsidian":3,"minecraft:music_disc_relic":1,"minecraft:polished_deepslate_stairs":5,"minecraft:crimson_button":1,"minecraft:honeycomb":6,"minecraft:waxed_oxidized_copper_grate":2,"minecraft:lava_bucket":8,"minecraft:stripped_dark_oak_wood":154,"minecraft:warped_hyphae":1,"minecraft:red_wool":33,"minecraft:lantern":3,"minecraft:grass_block":261,"minecraft:green_wool":32,"minecraft:polished_andesite_stairs":5,"minecraft:warped_nylium":5,"minecraft:iron_helmet":1,"minecraft:coast_armor_trim_smithing_template":1,"minecraft:dark_oak_slab":154,"minecraft:waxed_exposed_copper_bulb":2,"minecraft:item_frame":24,"minecraft:bedrock":9,"minecraft:spruce_hanging_sign":3,"minecraft:repeater":8,"minecraft:reinforced_deepslate":15,"minecraft:vault":6,"minecraft:red_carpet":37,"minecraft:scaffolding":26,"minecraft:brown_carpet":57,"minecraft:bow":28,"minecraft:warped_fungus":2,"minecraft:hay_block":1,"minecraft:written_book":175,"minecraft:ominous_bottle":2,"minecraft:oxidized_cut_copper_stairs":15,"minecraft:skeleton_skull":2,"minecraft:brown_concrete_powder":64,"minecraft:stripped_spruce_wood":566,"minecraft:light_blue_carpet":1,"minecraft:short_grass":7,"minecraft:dark_oak_stairs":106,"minecraft:bamboo_trapdoor":9,"minecraft:torchflower":4,"minecraft:spruce_door":1,"minecraft:waxed_weathered_copper_bulb":3,"minecraft:cut_copper_slab":4,"minecraft:red_stained_glass":16,"minecraft:oak_planks":135,"minecraft:leather_chestplate":1,"minecraft:redstone_block":2,"minecraft:composter":5,"minecraft:diamond_axe":18,"minecraft:calibrated_sculk_sensor":3,"minecraft:oak_leaves":7,"minecraft:white_wool":99,"minecraft:respawn_anchor":1,"minecraft:glow_berries":7,"minecraft:dark_oak_trapdoor":6,"minecraft:polished_tuff_stairs":10,"minecraft:blue_dye":2,"minecraft:waxed_exposed_copper_grate":19,"minecraft:loom":11,"minecraft:light_blue_wool":1,"minecraft:weathered_cut_copper_slab":7,"minecraft:crossbow":666,"minecraft:oxidized_cut_copper_slab":3,"minecraft:note_block":1,"minecraft:dripstone_block":2,"minecraft:gray_concrete":2,"minecraft:lingering_potion":38,"minecraft:shears":3,"minecraft:deepslate_brick_stairs":10,"minecraft:lightning_rod":19,"minecraft:creeper_spawn_egg":4,"minecraft:redstone_torch":15,"minecraft:polished_tuff":82,"minecraft:deepslate_tiles":318,"minecraft:lever":8,"minecraft:black_concrete":43,"minecraft:firework_rocket":21,"minecraft:mace":50,"minecraft:light_gray_concrete":16,"minecraft:breeze_spawn_egg":25,"minecraft:barrier":137,"minecraft:brown_wool":189,"minecraft:light_gray_candle":46,"minecraft:tuff_brick_stairs":14,"minecraft:stone_button":6,"minecraft:lectern":15,"minecraft:spore_blossom":1,"minecraft:deepslate":41,"minecraft:soul_lantern":6,"minecraft:blackstone_slab":1,"minecraft:chiseled_tuff_bricks":17,"minecraft:green_candle":2,"minecraft:chiseled_copper":3,"minecraft:blue_candle":29,"minecraft:stripped_oak_wood":197,"minecraft:grindstone":3,"minecraft:smithing_table":3,"minecraft:medium_amethyst_bud":1,"minecraft:andesite":48,"minecraft:chain":106,"minecraft:coarse_dirt":110,"minecraft:warped_button":4,"minecraft:oak_hanging_sign":8,"minecraft:gray_stained_glass":36,"minecraft:bone_meal":317,"minecraft:waxed_copper_bulb":3,"minecraft:cobweb":21,"minecraft:trial_spawner":27,"minecraft:oak_fence":3,"minecraft:oak_trapdoor":3,"minecraft:trident":36,"minecraft:netherite_sword":12,"minecraft:iron_bars":23,"minecraft:rose_bush":18,"minecraft:enchanting_table":4,"minecraft:waxed_weathered_copper":21,"minecraft:dead_bush":17,"minecraft:flint_and_steel":108,"minecraft:cracked_deepslate_bricks":72,"minecraft:carved_pumpkin":1,"minecraft:red_concrete":17,"minecraft:armor_stand":5,"minecraft:redstone":53,"minecraft:light_gray_carpet":32,"minecraft:mycelium":2,"minecraft:spruce_planks":251,"minecraft:tinted_glass":22,"minecraft:ender_chest":1,"minecraft:sculk":218,"minecraft:polished_blackstone_wall":4,"minecraft:sandstone_wall":2,"minecraft:trial_key":1,"minecraft:netherrack":8,"minecraft:cut_copper_stairs":14,"minecraft:brewing_stand":18,"minecraft:dirt":277,"minecraft:warped_wart_block":3,"minecraft:white_carpet":1,"minecraft:light_blue_dye":2,"minecraft:spruce_stairs":136,"minecraft:cobblestone_wall":22,"minecraft:stone_stairs":23,"minecraft:dead_tube_coral":3,"minecraft:oak_wood":40,"minecraft:glow_lichen":29,"minecraft:spruce_fence":28,"minecraft:allay_spawn_egg":2,"minecraft:blue_concrete":10,"minecraft:oak_fence_gate":2,"minecraft:waxed_copper_trapdoor":11,"minecraft:orange_candle":4,"minecraft:mossy_cobblestone_stairs":4,"minecraft:brown_terracotta":21,"minecraft:dark_oak_planks":77,"minecraft:light_gray_stained_glass":3,"minecraft:bookshelf":136,"minecraft:iron_block":29,"minecraft:iron_axe":1,"minecraft:oak_stairs":50,"minecraft:rooted_dirt":56,"minecraft:spruce_button":1,"minecraft:red_candle":29,"minecraft:iron_boots":1,"minecraft:barrel":55,"minecraft:diamond_chestplate":1,"minecraft:light_gray_wool":24,"minecraft:waxed_cut_copper_slab":25,"minecraft:lime_concrete":6,"minecraft:golden_carrot":4,"minecraft:black_stained_glass":37,"minecraft:magenta_wool":1,"minecraft:tall_grass":1,"minecraft:iron_trapdoor":1,"minecraft:soul_soil":7,"minecraft:deepslate_tile_stairs":90,"minecraft:podzol":4,"minecraft:dead_bubble_coral_block":10,"minecraft:cobbled_deepslate":18,"minecraft:red_dye":2,"minecraft:brown_candle":82,"minecraft:powder_snow_bucket":1,"minecraft:hanging_roots":8,"minecraft:iron_leggings":1,"minecraft:wheat_seeds":114,"minecraft:water_bucket":27,"minecraft:chiseled_bookshelf":28,"minecraft:amethyst_block":11,"minecraft:cobblestone_stairs":27,"minecraft:dirt_path":77,"minecraft:glass_bottle":2,"minecraft:blue_wool":32,"minecraft:tuff_stairs":8,"minecraft:andesite_slab":25,"minecraft:spruce_sign":27,"minecraft:cauldron":7,"minecraft:glow_ink_sac":12,"minecraft:spruce_fence_gate":2,"minecraft:beacon":3,"minecraft:red_glazed_terracotta":1,"minecraft:cobblestone_slab":10,"minecraft:deepslate_bricks":915,"minecraft:warped_roots":7,"minecraft:glow_item_frame":76,"minecraft:mossy_cobblestone":31,"minecraft:mangrove_trapdoor":32,"minecraft:strider_spawn_egg":18,"minecraft:oak_slab":102,"minecraft:tnt":12,"minecraft:crafting_table":5,"minecraft:crimson_trapdoor":7,"minecraft:birch_sign":9,"minecraft:sculk_shrieker":5,"minecraft:painting":76,"minecraft:mangrove_sign":3,"minecraft:cake":2,"minecraft:book":18,"minecraft:deepslate_tile_wall":2,"minecraft:polished_tuff_slab":23,"minecraft:amethyst_cluster":6,"minecraft:blue_stained_glass_pane":3,"minecraft:gray_terracotta":19,"minecraft:piston":4,"minecraft:flower_pot":122,"minecraft:yellow_dye":1,"minecraft:light":5,"minecraft:black_wool":9,"minecraft:warped_trapdoor":5,"minecraft:weathered_copper_trapdoor":15,"minecraft:acacia_sign":9,"minecraft:command_block":116,"minecraft:wind_charge":340,"minecraft:oxidized_copper_trapdoor":6,"minecraft:oak_button":22,"minecraft:gray_candle":2,"minecraft:stone_slab":77,"minecraft:spruce_trapdoor":140,"minecraft:bamboo_slab":1,"minecraft:purple_dye":1,"minecraft:copper_bulb":3,"minecraft:yellow_wool":7,"minecraft:tuff_brick_slab":130,"minecraft:blue_carpet":25,"minecraft:enchanted_book":30,"minecraft:cobblestone":285,"minecraft:potion":5,"minecraft:cobbled_deepslate_slab":30,"minecraft:white_banner":2,"minecraft:andesite_stairs":44,"minecraft:bucket":1,"minecraft:red_banner":14,"minecraft:chain_command_block":69,"minecraft:repeating_command_block":149,"minecraft:end_portal_frame":2,"minecraft:polished_blackstone_button":7,"minecraft:brush":7,"minecraft:jukebox":1,"minecraft:splash_potion":85,"minecraft:sculk_vein":217,"minecraft:gray_wool":1,"minecraft:sculk_catalyst":21,"minecraft:candle":23},"minecraft:custom":{"minecraft:interact_with_crafting_table":7,"minecraft:open_barrel":3,"minecraft:open_shulker_box":10,"minecraft:eat_cake_slice":1,"minecraft:leave_game":72,"minecraft:time_since_death":61416,"minecraft:damage_resisted":13324,"minecraft:sprint_one_cm":1496437,"minecraft:damage_blocked_by_shield":80,"minecraft:drop":3664,"minecraft:play_time":6376312,"minecraft:deaths":30,"minecraft:interact_with_brewingstand":19,"minecraft:jump":7014,"minecraft:walk_on_water_one_cm":20857,"minecraft:play_record":1,"minecraft:interact_with_loom":7,"minecraft:damage_dealt":7699,"minecraft:player_kills":13,"minecraft:crouch_one_cm":382324,"minecraft:use_cauldron":8,"minecraft:interact_with_smithing_table":7,"minecraft:mob_kills":7,"minecraft:fill_cauldron":4,"minecraft:climb_one_cm":25771,"minecraft:walk_one_cm":5422265,"minecraft:sneak_time":122383,"minecraft:walk_under_water_one_cm":5363,"minecraft:interact_with_lectern":15,"minecraft:total_world_time":7316652,"minecraft:tune_noteblock":17,"minecraft:pot_flower":16,"minecraft:time_since_rest":61417,"minecraft:damage_taken":2591,"minecraft:fly_one_cm":4608067,"minecraft:open_chest":202,"minecraft:fall_one_cm":79634},"minecraft:killed":{"minecraft:zombie":1,"minecraft:warden":1,"minecraft:bat":1,"minecraft:breeze":4,"minecraft:player":9},"minecraft:mined":{"minecraft:grass_block":2,"minecraft:tnt":12,"minecraft:decorated_pot":273,"minecraft:flower_pot":112},"minecraft:killed_by":{"minecraft:player":15},"minecraft:crafted":{"minecraft:leather_chestplate":5,"minecraft:leather_leggings":5,"minecraft:leather_boots":3},"minecraft:dropped":{"minecraft:guster_pottery_sherd":1,"minecraft:bamboo_trapdoor":1,"minecraft:acacia_boat":5,"minecraft:repeating_command_block":7,"minecraft:diamond_axe":1,"minecraft:decorated_pot":102,"minecraft:crossbow":1897,"minecraft:tide_armor_trim_smithing_template":1,"minecraft:brewer_pottery_sherd":2,"minecraft:shaper_armor_trim_smithing_template":87,"minecraft:sheaf_pottery_sherd":2,"minecraft:archer_pottery_sherd":2,"minecraft:silence_armor_trim_smithing_template":1,"minecraft:host_armor_trim_smithing_template":1,"minecraft:sentry_armor_trim_smithing_template":67,"minecraft:brush":1,"minecraft:scrape_pottery_sherd":1,"minecraft:coast_armor_trim_smithing_template":471,"minecraft:snout_armor_trim_smithing_template":1,"minecraft:bolt_armor_trim_smithing_template":1,"minecraft:tuff_stairs":1,"minecraft:white_wool":1,"minecraft:danger_pottery_sherd":2,"minecraft:tuff_slab":1,"minecraft:prize_pottery_sherd":2,"minecraft:andesite_slab":1,"minecraft:stone_stairs":1,"minecraft:ward_armor_trim_smithing_template":1,"minecraft:red_stained_glass_pane":31,"minecraft:eye_armor_trim_smithing_template":1,"minecraft:raiser_armor_trim_smithing_template":1,"minecraft:dune_armor_trim_smithing_template":1,"minecraft:blade_pottery_sherd":1,"minecraft:arms_up_pottery_sherd":2,"minecraft:chest":2,"minecraft:heart_pottery_sherd":2,"minecraft:snort_pottery_sherd":2,"minecraft:spire_armor_trim_smithing_template":96,"minecraft:chain_command_block":11,"minecraft:written_book":17,"minecraft:brown_concrete":338,"minecraft:blue_stained_glass_pane":125,"minecraft:stripped_spruce_log":18,"minecraft:shelter_pottery_sherd":2,"minecraft:mourner_pottery_sherd":2,"minecraft:bookshelf":1,"minecraft:plenty_pottery_sherd":2,"minecraft:barrier":1,"minecraft:command_block":1,"minecraft:explorer_pottery_sherd":2,"minecraft:burn_pottery_sherd":2,"minecraft:chiseled_bookshelf":1,"minecraft:grass_block":1,"minecraft:flow_armor_trim_smithing_template":1,"minecraft:wooden_axe":4,"minecraft:rib_armor_trim_smithing_template":24,"minecraft:angler_pottery_sherd":2,"minecraft:skull_pottery_sherd":2,"minecraft:red_concrete":5,"minecraft:flow_pottery_sherd":1,"minecraft:wild_armor_trim_smithing_template":190,"minecraft:lime_concrete":229,"minecraft:tuff":1,"minecraft:wayfinder_armor_trim_smithing_template":1,"minecraft:stone_slab":1,"minecraft:oak_sign":1,"minecraft:stone":1,"minecraft:flower_pot":68,"minecraft:spruce_trapdoor":1,"minecraft:howl_pottery_sherd":4,"minecraft:andesite":1,"minecraft:andesite_stairs":1,"minecraft:miner_pottery_sherd":2,"minecraft:barrel":1,"minecraft:stripped_spruce_wood":1,"minecraft:friend_pottery_sherd":2,"minecraft:heartbreak_pottery_sherd":2,"minecraft:vex_armor_trim_smithing_template":1}},"DataVersion":3839}