{"stats":{"minecraft:killed_by":{"minecraft:player":119},"minecraft:custom":{"minecraft:mob_kills":7,"minecraft:open_barrel":1,"minecraft:open_shulker_box":9,"minecraft:leave_game":1,"minecraft:time_since_death":668,"minecraft:climb_one_cm":1968,"minecraft:damage_resisted":426302,"minecraft:time_since_rest":669,"minecraft:walk_one_cm":516289,"minecraft:sprint_one_cm":359898,"minecraft:damage_taken":67188,"minecraft:damage_absorbed":600,"minecraft:damage_blocked_by_shield":38213,"minecraft:drop":15,"minecraft:damage_dealt":28312,"minecraft:interact_with_beacon":1,"minecraft:damage_dealt_absorbed":360,"minecraft:fly_one_cm":1508690,"minecraft:player_kills":99,"minecraft:open_chest":7,"minecraft:crouch_one_cm":184812,"minecraft:play_time":201631,"minecraft:deaths":130,"minecraft:sneak_time":5731,"minecraft:walk_under_water_one_cm":834,"minecraft:interact_with_lectern":1,"minecraft:jump":3808,"minecraft:walk_on_water_one_cm":16035,"minecraft:total_world_time":201631,"minecraft:fall_one_cm":225413},"minecraft:mined":{"minecraft:grass_block":5,"minecraft:spruce_fence":1,"minecraft:decorated_pot":6,"minecraft:dried_kelp_block":2,"minecraft:rooted_dirt":3,"minecraft:coarse_dirt":2,"minecraft:dirt_path":9,"minecraft:gravel":4,"minecraft:dirt":221},"minecraft:dropped":{"minecraft:diamond_axe":1,"minecraft:green_terracotta":1,"minecraft:tinted_glass":1,"minecraft:lime_concrete":1,"minecraft:cobbled_deepslate_slab":1,"minecraft:bedrock":1,"minecraft:grass_block":3,"minecraft:iron_block":1,"minecraft:polished_blackstone_brick_stairs":1,"minecraft:cracked_deepslate_tiles":1,"minecraft:stripped_dark_oak_wood":1,"minecraft:gilded_blackstone":1,"minecraft:stripped_spruce_wood":1},"minecraft:used":{"minecraft:dark_oak_stairs":61,"minecraft:water_bucket":2,"minecraft:writable_book":1,"minecraft:wither_skeleton_skull":3,"minecraft:spruce_slab":8,"minecraft:spruce_planks":6,"minecraft:shield":165,"minecraft:diamond_axe":696,"minecraft:dried_kelp_block":1,"minecraft:green_terracotta":30,"minecraft:gilded_blackstone":1,"minecraft:golden_apple":15,"minecraft:dark_oak_trapdoor":9,"minecraft:dirt":116,"minecraft:soul_sand":5,"minecraft:spruce_stairs":28,"minecraft:orange_wool":71,"minecraft:crossbow":4,"minecraft:gray_concrete":86,"minecraft:deepslate_tiles":73,"minecraft:blue_stained_glass_pane":11,"minecraft:dark_oak_planks":3,"minecraft:wooden_axe":2,"minecraft:green_concrete":4,"minecraft:black_concrete":31,"minecraft:red_wool":26,"minecraft:iron_block":2,"minecraft:grass_block":29,"minecraft:string":9,"minecraft:dark_oak_slab":40,"minecraft:polished_blackstone_brick_stairs":1,"minecraft:gray_concrete_powder":22,"minecraft:deepslate":5,"minecraft:wooden_sword":8,"minecraft:pufferfish_bucket":19,"minecraft:green_concrete_powder":7,"minecraft:bucket":2,"minecraft:cooked_beef":33,"minecraft:gray_wool":61,"minecraft:stripped_spruce_wood":9},"minecraft:killed":{"minecraft:pufferfish":6,"minecraft:breeze":1},"minecraft:crafted":{"minecraft:shield":1},"minecraft:picked_up":{"minecraft:bedrock":1,"minecraft:grass_block":2,"minecraft:dried_kelp_block":1,"minecraft:diamond_axe":1},"minecraft:broken":{"minecraft:shield":5,"minecraft:diamond_helmet":1,"minecraft:iron_boots":2,"minecraft:iron_chestplate":2,"minecraft:iron_leggings":2}},"DataVersion":3700}