{"stats":{"minecraft:killed_by":{"minecraft:pufferfish":2,"minecraft:player":10},"minecraft:custom":{"minecraft:time_since_rest":944,"minecraft:crouch_one_cm":26478,"minecraft:play_time":32415,"minecraft:sprint_one_cm":148504,"minecraft:walk_one_cm":208787,"minecraft:damage_taken":3234,"minecraft:deaths":15,"minecraft:damage_blocked_by_shield":360,"minecraft:sneak_time":2153,"minecraft:drop":6,"minecraft:jump":274,"minecraft:damage_dealt":2490,"minecraft:leave_game":1,"minecraft:time_since_death":941,"minecraft:walk_on_water_one_cm":3288,"minecraft:damage_resisted":50806,"minecraft:total_world_time":32415,"minecraft:fall_one_cm":35988,"minecraft:fly_one_cm":227296,"minecraft:player_kills":9},"minecraft:mined":{"minecraft:grass_block":1,"minecraft:gray_concrete_powder":1,"minecraft:dried_kelp_block":1},"minecraft:dropped":{"minecraft:dried_kelp_block":1,"minecraft:coarse_dirt":1,"minecraft:grass_block":4},"minecraft:used":{"minecraft:dried_kelp_block":25,"minecraft:water_bucket":3,"minecraft:bedrock":2,"minecraft:grass_block":6,"minecraft:netherite_axe":3,"minecraft:shield":3,"minecraft:cooked_beef":2,"minecraft:coarse_dirt":1,"minecraft:diamond_axe":25},"minecraft:picked_up":{"minecraft:grass_block":4}},"DataVersion":3700}