{"stats":{"minecraft:killed_by":{"minecraft:player":1},"minecraft:custom":{"minecraft:time_since_rest":53163,"minecraft:crouch_one_cm":10959,"minecraft:play_time":104777,"minecraft:sprint_one_cm":120982,"minecraft:open_shulker_box":1,"minecraft:walk_one_cm":77590,"minecraft:damage_taken":340,"minecraft:deaths":6,"minecraft:sneak_time":2184,"minecraft:interact_with_anvil":1,"minecraft:mob_kills":1,"minecraft:drop":8,"minecraft:jump":738,"minecraft:damage_dealt":224,"minecraft:leave_game":1,"minecraft:time_since_death":53161,"minecraft:total_world_time":104777,"minecraft:fly_one_cm":528403,"minecraft:fall_one_cm":5317,"minecraft:player_kills":1},"minecraft:dropped":{"minecraft:crafter":1,"minecraft:bedrock":1,"minecraft:lime_concrete":1,"minecraft:grass_block":1,"minecraft:splash_potion":1,"minecraft:leather_boots":2,"minecraft:crossbow":1},"minecraft:used":{"minecraft:spider_spawn_egg":2,"minecraft:bedrock":42,"minecraft:netherite_sword":3,"minecraft:dirt_path":2,"minecraft:anvil":1,"minecraft:command_block":7,"minecraft:strider_spawn_egg":5,"minecraft:breeze_spawn_egg":3,"minecraft:grass_block":5,"minecraft:oak_button":4,"minecraft:crafter":1,"minecraft:barrier":54,"minecraft:decorated_pot":1,"minecraft:spruce_fence":1,"minecraft:splash_potion":64},"minecraft:killed":{"minecraft:spider":1},"minecraft:picked_up":{"minecraft:leather_boots":1,"minecraft:bedrock":1}},"DataVersion":3700}