{"stats":{"minecraft:used":{"minecraft:diamond_chestplate":1,"minecraft:trident":23,"minecraft:golden_carrot":2,"minecraft:wind_charge":128,"minecraft:crossbow":21,"minecraft:iron_helmet":1,"minecraft:iron_boots":1,"minecraft:iron_leggings":1},"minecraft:custom":{"minecraft:time_since_rest":31986,"minecraft:crouch_one_cm":61528,"minecraft:play_time":85852,"minecraft:sprint_one_cm":57166,"minecraft:walk_one_cm":214671,"minecraft:damage_taken":3346,"minecraft:deaths":9,"minecraft:sneak_time":11143,"minecraft:jump":421,"minecraft:leave_game":1,"minecraft:damage_dealt":407,"minecraft:time_since_death":31981,"minecraft:walk_on_water_one_cm":91,"minecraft:total_world_time":85852,"minecraft:climb_one_cm":912,"minecraft:damage_resisted":25712,"minecraft:fly_one_cm":73885,"minecraft:fall_one_cm":28513,"minecraft:player_kills":2},"minecraft:broken":{"minecraft:iron_helmet":1,"minecraft:diamond_chestplate":1,"minecraft:iron_leggings":1,"minecraft:iron_boots":1},"minecraft:killed_by":{"minecraft:player":9},"minecraft:killed":{"minecraft:player":2}},"DataVersion":3839}