{
  "type": "minecraft:chest",
  "pools": [
    {
      "rolls": 1,
      "bonus_rolls": 0,
      "entries": [
        {
          "type": "minecraft:item",
          "name": "minecraft:eye_armor_trim_smithing_template",
          "weight": 1,
          "functions": [
            {
              "function": "minecraft:set_name",
              "entity": "this",
              "target": "item_name",
              "name": [
                {
                  "text": "[",
                  "color": "gray",
                  "italic": false
                },
                {
                  "text": "◎",
                  "color": "aqua",
                  "italic": false
                },
                {
                  "text": "]",
                  "color": "gray",
                  "italic": false
                },
                {
                  "text": " Emissus Rune",
                  "color": "white",
                  "italic": false
                }
              ]
            },
            {
              "function": "minecraft:set_lore",
              "entity": "this",
              "lore": [
                {
                  "text": "A strange stone that vibrates",
                  "color": "gray",
                  "italic": false
                },
                {
                  "text": "with intensity, threatening",
                  "color": "gray",
                  "italic": false
                },
                {
                  "text": "to fly off.",
                  "color": "gray",
                  "italic": false
                }
              ],
              "mode": "append"
            },
            {
              "function": "minecraft:set_custom_data",
              "tag": "{project: 1, rune: 1}"
            },
            {
              "function": "minecraft:set_components",
              "components": {
                "minecraft:hide_additional_tooltip": {}
              }
            }
          ]
        },
        {
          "type": "minecraft:item",
          "name": "minecraft:snout_armor_trim_smithing_template",
          "weight": 1,
          "functions": [
            {
              "function": "minecraft:set_name",
              "entity": "this",
              "target": "item_name",
              "name": [
                {
                  "text": "[",
                  "color": "gray",
                  "italic": false
                },
                {
                  "text": "⏹",
                  "color": "red",
                  "bold": true,
                  "italic": false
                },
                {
                  "text": "]",
                  "color": "gray",
                  "italic": false
                },
                {
                  "text": " Claustrum Rune",
                  "color": "white",
                  "italic": false
                }
              ]
            },
            {
              "function": "minecraft:set_lore",
              "entity": "this",
              "lore": [
                {
                  "text": "A strange stone that feels",
                  "color": "gray",
                  "italic": false
                },
                {
                  "text": "restrictive, and heavy to",
                  "color": "gray",
                  "italic": false
                },
                {
                  "text": "hold.",
                  "color": "gray",
                  "italic": false
                }
              ],
              "mode": "append"
            },
            {
              "function": "minecraft:set_custom_data",
              "tag": "{barrier: 1, rune: 1}"
            },
            {
              "function": "minecraft:set_components",
              "components": {
                "minecraft:hide_additional_tooltip": {}
              }
            }
          ]
        },
        {
          "type": "minecraft:item",
          "name": "minecraft:shaper_armor_trim_smithing_template",
          "weight": 1,
          "functions": [
            {
              "function": "minecraft:set_name",
              "entity": "this",
              "target": "item_name",
              "name": [
                {
                  "text": "[",
                  "color": "gray",
                  "italic": false
                },
                {
                  "text": "⚡",
                  "color": "gold",
                  "italic": false
                },
                {
                  "text": "]",
                  "color": "gray",
                  "italic": false
                },
                {
                  "text": " Magus Immuto Rune",
                  "color": "white",
                  "italic": false
                }
              ]
            },
            {
              "function": "minecraft:set_lore",
              "entity": "this",
              "lore": [
                {
                  "text": "A strange stone that emits",
                  "color": "gray",
                  "italic": false
                },
                {
                  "text": "a magical aura, warping",
                  "color": "gray",
                  "italic": false
                },
                {
                  "text": "changing at will.",
                  "color": "gray",
                  "italic": false
                }
              ],
              "mode": "append"
            },
            {
              "function": "minecraft:set_custom_data",
              "tag": "{rune-modif: 1, rune: 1}"
            },
            {
              "function": "minecraft:set_components",
              "components": {
                "minecraft:hide_additional_tooltip": {}
              }
            }
          ]
        },
        {
          "type": "minecraft:item",
          "name": "minecraft:raiser_armor_trim_smithing_template",
          "weight": 1,
          "functions": [
            {
              "function": "minecraft:set_name",
              "entity": "this",
              "target": "item_name",
              "name": [
                {
                  "text": "[",
                  "color": "gray",
                  "italic": false
                },
                {
                  "text": "♮",
                  "color": "yellow",
                  "italic": false
                },
                {
                  "text": "]",
                  "color": "gray",
                  "italic": false
                },
                {
                  "text": " Fraus Solum Rune",
                  "color": "white",
                  "italic": false
                }
              ]
            },
            {
              "function": "minecraft:set_lore",
              "entity": "this",
              "lore": [
                {
                  "text": "A strange stone that emits",
                  "color": "gray",
                  "italic": false
                },
                {
                  "text": "a sinister energy, awating",
                  "color": "gray",
                  "italic": false
                },
                {
                  "text": "from below.",
                  "color": "gray",
                  "italic": false
                }
              ],
              "mode": "append"
            },
            {
              "function": "minecraft:set_custom_data",
              "tag": "{trap-floor: 1, rune: 1}"
            },
            {
              "function": "minecraft:set_components",
              "components": {
                "minecraft:hide_additional_tooltip": {}
              }
            }
          ]
        },
        {
          "type": "minecraft:item",
          "name": "minecraft:wayfinder_armor_trim_smithing_template",
          "weight": 1,
          "functions": [
            {
              "function": "minecraft:set_name",
              "entity": "this",
              "target": "item_name",
              "name": [
                {
                  "text": "[",
                  "color": "gray",
                  "italic": false
                },
                {
                  "text": "Ω",
                  "color": "gold",
                  "italic": false
                },
                {
                  "text": "]",
                  "color": "gray",
                  "italic": false
                },
                {
                  "text": " Fraus Immuto Rune",
                  "color": "white",
                  "italic": false
                }
              ]
            },
            {
              "function": "minecraft:set_lore",
              "entity": "this",
              "lore": [
                {
                  "text": "A strange stone that emits",
                  "color": "gray",
                  "italic": false
                },
                {
                  "text": "a sinister energy, warping",
                  "color": "gray",
                  "italic": false
                },
                {
                  "text": "and changing at will.",
                  "color": "gray",
                  "italic": false
                }
              ],
              "mode": "append"
            },
            {
              "function": "minecraft:set_custom_data",
              "tag": "{trap-modif: 1, rune: 1}"
            },
            {
              "function": "minecraft:set_components",
              "components": {
                "minecraft:hide_additional_tooltip": {}
              }
            }
          ]
        },
        {
          "type": "minecraft:item",
          "name": "minecraft:host_armor_trim_smithing_template",
          "weight": 1,
          "functions": [
            {
              "function": "minecraft:set_name",
              "entity": "this",
              "target": "item_name",
              "name": [
                {
                  "text": "[",
                  "color": "gray",
                  "italic": false
                },
                {
                  "text": "𐅂",
                  "color": "red",
                  "bold": true,
                  "italic": false
                },
                {
                  "text": "]",
                  "color": "gray",
                  "italic": false
                },
                {
                  "text": " Fraus Penitus Rune",
                  "color": "white",
                  "italic": false
                }
              ]
            },
            {
              "function": "minecraft:set_lore",
              "entity": "this",
              "lore": [
                {
                  "text": "A strange stone that emits",
                  "color": "gray",
                  "italic": false
                },
                {
                  "text": "a sinister energy, seemingly",
                  "color": "gray",
                  "italic": false
                },
                {
                  "text": "waiting for it's next victim.",
                  "color": "gray",
                  "italic": false
                }
              ],
              "mode": "append"
            },
            {
              "function": "minecraft:set_custom_data",
              "tag": "{trap-inter: 1, rune: 1}"
            },
            {
              "function": "minecraft:set_components",
              "components": {
                "minecraft:hide_additional_tooltip": {}
              }
            }
          ]
        },
        {
          "type": "minecraft:item",
          "name": "minecraft:coast_armor_trim_smithing_template",
          "weight": 1,
          "functions": [
            {
              "function": "minecraft:set_name",
              "entity": "this",
              "target": "item_name",
              "name": [
                {
                  "text": "[",
                  "color": "gray",
                  "italic": false
                },
                {
                  "text": "℧",
                  "color": "gold",
                  "italic": false
                },
                {
                  "text": "]",
                  "color": "gray",
                  "italic": false
                },
                {
                  "text": " Permovo Rune",
                  "color": "white",
                  "italic": false
                }
              ]
            },
            {
              "function": "minecraft:set_lore",
              "entity": "this",
              "lore": [
                {
                  "text": "A strange stone that feels",
                  "color": "gray",
                  "italic": false
                },
                {
                  "text": "weightless, and light to the",
                  "color": "gray",
                  "italic": false
                },
                {
                  "text": "touch.",
                  "color": "gray",
                  "italic": false
                }
              ],
              "mode": "append"
            },
            {
              "function": "minecraft:set_custom_data",
              "tag": "{movement:1, rune:1}"
            },
            {
              "function": "minecraft:set_components",
              "components": {
                "minecraft:hide_additional_tooltip": {}
              }
            }
          ]
        }
      ],
      "functions": [
        {
          "function": "minecraft:limit_count",
          "limit": {
            "min": 1,
            "max": 1
          }
        }
      ]
    }
  ]
}
