{
  "vanillatweaks:root": {
    "criteria": {
      "tick": "2024-01-29 15:37:40 -0500"
    },
    "done": true
  },
  "vanillatweaks:player_head_drops": {
    "criteria": {
      "tick": "2024-01-29 15:37:40 -0500"
    },
    "done": true
  },
  "armor_statues:enable": {
    "criteria": {
      "tick": "2024-01-29 15:37:40 -0500"
    },
    "done": true
  },
  "vanillatweaks:wandering_trades": {
    "criteria": {
      "tick": "2024-01-29 15:37:40 -0500"
    },
    "done": true
  },
  "vanillatweaks:treasure_gems": {
    "criteria": {
      "tick": "2024-01-29 15:37:40 -0500"
    },
    "done": true
  },
  "minecraft:recipes/decorations/crafting_table": {
    "criteria": {
      "unlock_right_away": "2024-01-29 15:37:40 -0500"
    },
    "done": true
  },
  "vanillatweaks:gem_villagers": {
    "criteria": {
      "tick": "2024-01-29 15:37:40 -0500"
    },
    "done": true
  },
  "vanillatweaks:custom_villager_shops": {
    "criteria": {
      "tick": "2024-01-29 15:37:40 -0500"
    },
    "done": true
  },
  "vanillatweaks:armor_statues": {
    "criteria": {
      "tick": "2024-01-29 15:37:40 -0500"
    },
    "done": true
  },
  "vanillatweaks:more_mob_heads": {
    "criteria": {
      "tick": "2024-01-29 15:37:40 -0500"
    },
    "done": true
  },
  "minecraft:adventure/adventuring_time": {
    "criteria": {
      "minecraft:deep_dark": "2024-01-29 15:37:49 -0500",
      "minecraft:plains": "2024-01-29 15:37:41 -0500"
    },
    "done": false
  },
  "minecraft:nether/explore_nether": {
    "criteria": {
      "minecraft:nether_wastes": "2024-01-29 15:38:53 -0500",
      "minecraft:warped_forest": "2024-01-29 15:38:32 -0500"
    },
    "done": false
  },
  "minecraft:adventure/root": {
    "criteria": {
      "killed_by_something": "2024-01-29 15:41:23 -0500"
    },
    "done": true
  },
  "minecraft:adventure/kill_all_mobs": {
    "criteria": {
      "minecraft:spider": "2024-01-29 15:48:03 -0500"
    },
    "done": false
  },
  "minecraft:adventure/kill_a_mob": {
    "criteria": {
      "minecraft:spider": "2024-01-29 15:48:03 -0500"
    },
    "done": true
  },
  "minecraft:adventure/fall_from_world_height": {
    "criteria": {
      "fall_from_world_height": "2024-01-29 16:03:37 -0500"
    },
    "done": true
  },
  "minecraft:end/levitate": {
    "criteria": {
      "levitated": "2024-01-29 16:03:02 -0500"
    },
    "done": true
  },
  "DataVersion": 3700
}