{
  "minecraft:recipes/transportation/mangrove_boat": {
    "criteria": {
      "in_water": "2024-01-22 23:02:17 -0500"
    },
    "done": true
  },
  "vanillatweaks:root": {
    "criteria": {
      "tick": "2024-01-22 22:51:39 -0500"
    },
    "done": true
  },
  "minecraft:recipes/misc/shaper_armor_trim_smithing_template": {
    "criteria": {
      "has_shaper_armor_trim_smithing_template": "2024-01-22 22:57:11 -0500"
    },
    "done": true
  },
  "minecraft:recipes/building_blocks/spruce_planks": {
    "criteria": {
      "has_logs": "2024-01-22 22:57:14 -0500"
    },
    "done": true
  },
  "vanillatweaks:player_head_drops": {
    "criteria": {
      "tick": "2024-01-22 22:51:39 -0500"
    },
    "done": true
  },
  "armor_statues:enable": {
    "criteria": {
      "tick": "2024-01-22 22:51:39 -0500"
    },
    "done": true
  },
  "vanillatweaks:wandering_trades": {
    "criteria": {
      "tick": "2024-01-22 22:51:39 -0500"
    },
    "done": true
  },
  "minecraft:nether/explore_nether": {
    "criteria": {
      "minecraft:nether_wastes": "2024-01-22 22:51:49 -0500"
    },
    "done": false
  },
  "minecraft:recipes/misc/spire_armor_trim_smithing_template": {
    "criteria": {
      "has_spire_armor_trim_smithing_template": "2024-01-22 22:57:35 -0500"
    },
    "done": true
  },
  "minecraft:recipes/misc/charcoal": {
    "criteria": {
      "has_log": "2024-01-22 22:57:14 -0500"
    },
    "done": true
  },
  "minecraft:recipes/misc/coast_armor_trim_smithing_template": {
    "criteria": {
      "has_coast_armor_trim_smithing_template": "2024-01-22 22:57:14 -0500"
    },
    "done": true
  },
  "vanillatweaks:treasure_gems": {
    "criteria": {
      "tick": "2024-01-22 22:51:39 -0500"
    },
    "done": true
  },
  "minecraft:adventure/shoot_arrow": {
    "criteria": {
      "shot_arrow": "2024-01-22 23:00:58 -0500"
    },
    "done": true
  },
  "minecraft:recipes/decorations/crafting_table": {
    "criteria": {
      "unlock_right_away": "2024-01-22 22:51:39 -0500"
    },
    "done": true
  },
  "vanillatweaks:gem_villagers": {
    "criteria": {
      "tick": "2024-01-22 22:51:39 -0500"
    },
    "done": true
  },
  "minecraft:recipes/misc/spire_armor_trim_smithing_template_smithing_trim": {
    "criteria": {
      "has_smithing_trim_template": "2024-01-22 22:57:35 -0500"
    },
    "done": true
  },
  "minecraft:recipes/transportation/acacia_boat": {
    "criteria": {
      "in_water": "2024-01-22 23:02:17 -0500"
    },
    "done": true
  },
  "minecraft:recipes/transportation/cherry_boat": {
    "criteria": {
      "in_water": "2024-01-22 23:02:17 -0500"
    },
    "done": true
  },
  "minecraft:adventure/root": {
    "criteria": {
      "killed_something": "2024-01-22 22:54:08 -0500"
    },
    "done": true
  },
  "vanillatweaks:custom_villager_shops": {
    "criteria": {
      "tick": "2024-01-22 22:51:39 -0500"
    },
    "done": true
  },
  "minecraft:adventure/adventuring_time": {
    "criteria": {
      "minecraft:deep_dark": "2024-01-22 22:51:39 -0500",
      "minecraft:plains": "2024-01-22 23:02:15 -0500"
    },
    "done": false
  },
  "minecraft:recipes/transportation/bamboo_raft": {
    "criteria": {
      "in_water": "2024-01-22 23:02:17 -0500"
    },
    "done": true
  },
  "minecraft:recipes/misc/coast_armor_trim_smithing_template_smithing_trim": {
    "criteria": {
      "has_smithing_trim_template": "2024-01-22 22:57:14 -0500"
    },
    "done": true
  },
  "vanillatweaks:armor_statues": {
    "criteria": {
      "tick": "2024-01-22 22:51:39 -0500"
    },
    "done": true
  },
  "minecraft:recipes/transportation/spruce_boat": {
    "criteria": {
      "in_water": "2024-01-22 23:02:17 -0500"
    },
    "done": true
  },
  "minecraft:recipes/transportation/birch_boat": {
    "criteria": {
      "in_water": "2024-01-22 23:02:17 -0500"
    },
    "done": true
  },
  "minecraft:recipes/transportation/oak_boat": {
    "criteria": {
      "in_water": "2024-01-22 23:02:17 -0500"
    },
    "done": true
  },
  "vanillatweaks:more_mob_heads": {
    "criteria": {
      "tick": "2024-01-22 22:51:39 -0500"
    },
    "done": true
  },
  "minecraft:recipes/misc/shaper_armor_trim_smithing_template_smithing_trim": {
    "criteria": {
      "has_smithing_trim_template": "2024-01-22 22:57:11 -0500"
    },
    "done": true
  },
  "minecraft:adventure/ol_betsy": {
    "criteria": {
      "shot_crossbow": "2024-01-22 22:53:33 -0500"
    },
    "done": true
  },
  "minecraft:recipes/transportation/jungle_boat": {
    "criteria": {
      "in_water": "2024-01-22 23:02:17 -0500"
    },
    "done": true
  },
  "minecraft:recipes/transportation/dark_oak_boat": {
    "criteria": {
      "in_water": "2024-01-22 23:02:17 -0500"
    },
    "done": true
  },
  "DataVersion": 3700
}